INSERT INTO monster(monster_id, monster_name, life, money_drop, xp_drop, boss, img_link, pos_x, pos_y, red, green, blue) VALUES (1,"Hornet", 10, 100, 100, 0, "img/mob/mob1.bmp", 550, 175, 255, 255, 255), (2,"Puppet", 10, 100, 100, 0, "img/mob/mob2.bmp", 550, 175, 255, 255, 255), (3,"Mimic", 10, 100, 100, 0, "img/mob/mob3.bmp", 550, 175, 255, 255, 255), (4,"Bandit", 10, 100, 100, 0, "img/mob/mob4.bmp", 550, 175, 255, 255, 255), (5,"Soldier", 10, 100, 100, 0, "img/mob/mob5.bmp", 550, 175, 255, 255, 255), (6,"Zombie", 10, 100, 100, 0, "img/mob/mob6.bmp", 550, 175, 255, 255, 255), (7,"Rat", 10, 100, 100, 0, "img/mob/mob7.bmp", 550, 175, 255, 255, 255), (8,"Delf", 10, 100, 100, 0, "img/mob/mob8.bmp", 550, 175, 255, 255, 255), (9,"Bat", 10, 100, 100, 0, "img/mob/mob9.bmp", 550, 175, 255, 255, 255), (10,"Orc", 10, 100, 100, 0, "img/mob/mob10.bmp", 550, 175, 255, 255, 255);
INSERT INTO monster(monster_id, monster_name, life, money_drop, xp_drop, boss, img_link, pos_x, pos_y, red, green, blue) VALUES (11,"Imp", 10, 100, 100, 0, "img/mob/mob11.bmp", 550, 175, 255, 255, 255), (12,"Slime", 10, 100, 100, 0, "img/mob/mob12.bmp", 550, 175, 255, 255, 255), (13,"Rogue", 10, 100, 100, 0, "img/mob/mob13.bmp", 550, 175, 255, 255, 255), (14,"Cleric", 10, 100, 100, 0, "img/mob/mob14.bmp", 550, 175, 255, 255, 255), (15,"Kerberos", 10, 100, 100, 0, "img/mob/mob15.bmp", 550, 175, 255, 255, 255), (16,"Cleric", 10, 100, 100, 0, "img/mob/mob16.bmp", 550, 175, 255, 255, 255), (17,"Jellyfish", 10, 100, 100, 0, "img/mob/mob17.bmp", 550, 175, 255, 255, 255), (18,"Skeleton", 10, 100, 100, 0, "img/mob/mob18.bmp", 550, 175, 255, 255, 255), (19,"Cockatrice", 10, 100, 100, 0, "img/mob/mob19.bmp", 550, 175, 255, 255, 255), (20,"Plant", 10, 100, 100, 0, "img/mob/mob20.bmp", 550, 175, 255, 255, 255);
INSERT INTO monster(monster_id, monster_name, life, money_drop, xp_drop, boss, img_link, pos_x, pos_y, red, green, blue) VALUES (21,"Snake", 10, 100, 100, 0, "img/mob/mob21.bmp", 550, 175, 255, 255, 255), (22,"Scorpion", 10, 100, 100, 0, "img/mob/mob22.bmp", 550, 175, 255, 255, 255), (23,"Gayzer", 10, 100, 100, 0, "img/mob/mob23.bmp", 550, 175, 255, 255, 255), (24,"Spider", 10, 100, 100, 0, "img/mob/mob24.bmp", 550, 175, 255, 255, 255), (25,"Gargoyle", 10, 100, 100, 0, "img/mob/mob25.bmp", 550, 175, 255, 255, 255), (26,"Sahagin", 10, 100, 100, 0, "img/mob/mob26.bmp", 550, 175, 255, 255, 255), (27,"Waterspirit", 10, 100, 100, 0, "img/mob/mob27.bmp", 550, 175, 255, 255, 255), (28,"Lamia", 10, 100, 100, 0, "img/mob/mob28.bmp", 550, 175, 255, 255, 255), (29,"Ogre", 10, 100, 100, 0, "img/mob/mob29.bmp", 550, 175, 255, 255, 255), (30,"Priest", 10, 100, 100, 0, "img/mob/mob30.bmp", 550, 175, 255, 255, 255);
INSERT INTO monster(monster_id, monster_name, life, money_drop, xp_drop, boss, img_link, pos_x, pos_y, red, green, blue) VALUES (31,"Behemoth", 10, 100, 100, 0, "img/mob/mob31.bmp", 550, 175, 255, 255, 255), (32,"Garuda", 10, 100, 100, 0, "img/mob/mob32.bmp", 550, 175, 255, 255, 255), (33,"Firespirit", 10, 100, 100, 0, "img/mob/mob33.bmp", 550, 175, 255, 255, 255), (34,"Windspirit", 10, 100, 100, 0, "img/mob/mob34.bmp", 550, 175, 255, 255, 255), (35,"Icelady", 10, 100, 100, 0, "img/mob/mob35.bmp", 550, 175, 255, 255, 255), (36,"Earthspirit", 10, 100, 100, 0, "img/mob/mob36.bmp", 550, 175, 255, 255, 255), (37,"Dragon", 10, 100, 100, 0, "img/mob/mob37.bmp", 550, 175, 255, 255, 255), (38,"Minotaur", 10, 100, 100, 0, "img/mob/mob38.bmp", 550, 175, 255, 255, 255), (39,"Demon", 10, 100, 100, 0, "img/mob/mob39.bmp", 550, 175, 255, 255, 255), (40,"Evilgod", 10, 100, 100, 0, "img/mob/mob40.bmp", 550, 175, 255, 255, 255);
INSERT INTO monster(monster_id, monster_name, life, money_drop, xp_drop, boss, img_link, pos_x, pos_y, red, green, blue) VALUES (41,"Grappler", 10, 100, 100, 1, "img/boss/boss1.bmp", 550, 175, 255, 255, 255), (42,"Ghost", 10, 100, 100, 1, "img/boss/boss2.bmp", 550, 175, 255, 255, 255), (43,"Grappler", 10, 100, 100, 1, "img/boss/boss3.bmp", 550, 175, 255, 255, 255), (44,"Paladin", 10, 100, 100, 1, "img/boss/boss4.bmp", 550, 175, 255, 255, 255), (45,"Fanatic", 10, 100, 100, 1, "img/boss/boss5.bmp", 550, 175, 255, 255, 255), (46,"Assassin", 10, 100, 100, 1, "img/boss/boss6.bmp", 550, 175, 255, 255, 255), (47,"Thief", 10, 100, 100, 1, "img/boss/boss7.bmp", 550, 175, 255, 255, 255), (48,"Warrior", 10, 100, 100, 1, "img/boss/boss8.bmp", 550, 175, 255, 255, 255), (49,"Werewolf", 10, 100, 100, 1, "img/boss/boss9.bmp", 550, 175, 255, 255, 255), (50,"Wizard", 10, 100, 100, 1, "img/boss/boss10.bmp", 550, 175, 255, 255, 255);
INSERT INTO monster(monster_id, monster_name, life, money_drop, xp_drop, boss, img_link, pos_x, pos_y, red, green, blue) VALUES (51,"Warrior", 10, 100, 100, 1, "img/boss/boss11.bmp", 550, 175, 255, 255, 255), (52,"Paladin", 10, 100, 100, 1, "img/boss/boss12.bmp", 550, 175, 255, 255, 255), (53,"Swordman", 10, 100, 100, 1, "img/boss/boss13.bmp", 550, 175, 255, 255, 255), (54,"Captain", 10, 100, 100, 1, "img/boss/boss14.bmp", 550, 175, 255, 255, 255), (55,"Delf", 10, 100, 100, 1, "img/boss/boss15.bmp", 550, 175, 255, 255, 255), (56,"God", 10, 100, 100, 1, "img/boss/boss16.bmp", 550, 175, 255, 255, 255), (57,"Wizard", 10, 100, 100, 1, "img/boss/boss17.bmp", 550, 175, 255, 255, 255), (58,"Mage", 10, 100, 100, 1, "img/boss/boss18.bmp", 550, 175, 255, 255, 255), (59,"Evilhero", 10, 100, 100, 1, "img/boss/boss19.bmp", 550, 175, 255, 255, 255), (60,"Thief", 10, 100, 100, 1, "img/boss/boss20.bmp", 550, 175, 255, 255, 255);
INSERT INTO monster(monster_id, monster_name, life, money_drop, xp_drop, boss, img_link, pos_x, pos_y, red, green, blue) VALUES (61,"Vampire", 10, 100, 100, 1, "img/boss/boss21.bmp", 550, 175, 255, 255, 255), (62,"Darkhero", 10, 100, 100, 1, "img/boss/boss22.bmp", 550, 175, 255, 255, 255), (63,"General", 10, 100, 100, 1, "img/boss/boss23.bmp", 550, 175, 255, 255, 255), (64,"Succubus", 10, 100, 100, 1, "img/boss/boss24.bmp", 550, 175, 255, 255, 255), (65,"Chimera", 10, 100, 100, 1, "img/boss/boss25.bmp", 550, 175, 255, 255, 255), (66,"Asura", 10, 100, 100, 1, "img/boss/boss26.bmp", 550, 175, 255, 255, 255), (67,"Death", 10, 100, 100, 1, "img/boss/boss27.bmp", 550, 175, 255, 255, 255), (68,"Evilking", 10, 100, 100, 1, "img/boss/boss28.bmp", 550, 175, 255, 255, 255), (69,"Darklord", 10, 100, 100, 1, "img/boss/boss29.bmp", 550, 175, 255, 255, 255);
INSERT INTO hero(hero_id, hero_name, level_max, current_level, damage_base, damage_ratio, money_cost, img_link, pos_x, pos_y, red, green, blue) VALUES (1,"hero 1", 100, 1, 100, 1, 1000, "img/heros/heros1.bmp", 35, 120, 0, 0, 0), (2,"hero 2", 100, 1, 100, 1, 10000, "img/heros/heros2.bmp", 200, 120, 0, 0, 0),(3,"hero 3", 100, 1, 100, 1, 100000, "img/heros/heros3.bmp", 35, 195, 0, 0, 0), (4,"hero 4", 100, 1, 100, 1, 1000000, "img/heros/heros4.bmp", 200, 195, 0, 0, 0), (5,"hero 5", 100, 1, 100, 1, 10000000, "img/heros/heros5.bmp", 35, 225, 0, 0, 0), (6,"hero 6", 100, 1, 100, 1, 100000000, "img/heros/heros6.bmp", 200, 225, 0, 0, 0),(7,"hero 7", 100, 1, 100, 1, 1000000000, "img/heros/heros7.bmp", 35, 300, 0, 0, 0), (8,"hero 8", 100, 1, 100, 1, 10000000000, "img/heros/heros8.bmp", 200, 300, 0, 0, 0);
INSERT INTO round(round_id, img_link, pos_x, pos_y, red, green, blue) VALUES (0, "img/round1.bmp", 455, 109, 255, 255, 255), (1, "img/round2.bmp", 455, 109, 255, 255, 255), (2, "img/round3.bmp", 455, 109, 255, 255, 255);
INSERT INTO user(user_id, round_id, user_name, current_level, money, xp, dmg_base, dmg_ratio, last_connection) VALUES (1,0,"remi",1,0,1,1,1.0,"2018-01-27 16:30:00");
INSERT INTO belongs(round_id, monster_id) VALUES (0,1), (0,2), (1,3), (1,4), (2,1), (2,4);